{
  "sign": {
    "shoulder_pan": 1,
    "shoulder_lift": 1,
    "elbow_flex": 1,
    "wrist_flex": 1,
    "wrist_roll": 1,
    "gripper": 1
  },
  "home_lr_deg": {
    "shoulder_pan": -6.769230769230769,
    "shoulder_lift": 1.4505494505494505,
    "elbow_flex": 6.329670329670329,
    "wrist_flex": 88.3956043956044,
    "wrist_roll": 3.120879120879121,
    "gripper": 0.0
  }
}